[
    {
        "model": "admin.logentry",
        "pk": 291,
        "fields": {
            "action_time": "2025-01-13T14:46:42.576Z",
            "user": 18,
            "content_type": 4,
            "object_id": "17",
            "object_repr": "samakinbile@gmail.com",
            "action_flag": 3,
            "change_message": ""
        }
    },
    {
        "model": "admin.logentry",
        "pk": 292,
        "fields": {
            "action_time": "2025-01-13T18:47:03.225Z",
            "user": 18,
            "content_type": 11,
            "object_id": "16",
            "object_repr": "daclean2003@yahoo.co.uk",
            "action_flag": 2,
            "change_message": "[{\"changed\": {\"fields\": [\"Primary\"]}}]"
        }
    },
    {
        "model": "admin.logentry",
        "pk": 293,
        "fields": {
            "action_time": "2025-01-13T18:47:48.273Z",
            "user": 18,
            "content_type": 11,
            "object_id": "16",
            "object_repr": "daclean2003@yahoo.co.uk",
            "action_flag": 2,
            "change_message": "[{\"changed\": {\"fields\": [\"Verified\", \"Primary\"]}}]"
        }
    },
    {
        "model": "admin.logentry",
        "pk": 294,
        "fields": {
            "action_time": "2025-01-23T12:57:14.025Z",
            "user": 18,
            "content_type": 11,
            "object_id": "19",
            "object_repr": "vekot75507@gholar.com",
            "action_flag": 3,
            "change_message": ""
        }
    },
    {
        "model": "admin.logentry",
        "pk": 295,
        "fields": {
            "action_time": "2025-01-23T12:57:14.026Z",
            "user": 18,
            "content_type": 11,
            "object_id": "16",
            "object_repr": "daclean2003@yahoo.co.uk",
            "action_flag": 3,
            "change_message": ""
        }
    },
    {
        "model": "admin.logentry",
        "pk": 296,
        "fields": {
            "action_time": "2025-01-23T12:57:36.194Z",
            "user": 18,
            "content_type": 4,
            "object_id": "16",
            "object_repr": "daclean2003@yahoo.co.uk",
            "action_flag": 3,
            "change_message": ""
        }
    },
    {
        "model": "admin.logentry",
        "pk": 297,
        "fields": {
            "action_time": "2025-01-23T12:57:36.247Z",
            "user": 18,
            "content_type": 4,
            "object_id": "20",
            "object_repr": "vekot75507@gholar.com",
            "action_flag": 3,
            "change_message": ""
        }
    },
    {
        "model": "admin.logentry",
        "pk": 298,
        "fields": {
            "action_time": "2025-03-15T17:32:11.612Z",
            "user": 18,
            "content_type": 11,
            "object_id": "21",
            "object_repr": "daclean2003@yahoo.co.uk",
            "action_flag": 3,
            "change_message": ""
        }
    },
    {
        "model": "admin.logentry",
        "pk": 299,
        "fields": {
            "action_time": "2025-03-15T17:32:11.612Z",
            "user": 18,
            "content_type": 11,
            "object_id": "20",
            "object_repr": "cosaj48204@isorax.com",
            "action_flag": 3,
            "change_message": ""
        }
    },
    {
        "model": "admin.logentry",
        "pk": 300,
        "fields": {
            "action_time": "2025-03-15T17:47:41.466Z",
            "user": 18,
            "content_type": 4,
            "object_id": "21",
            "object_repr": "test",
            "action_flag": 3,
            "change_message": ""
        }
    },
    {
        "model": "admin.logentry",
        "pk": 301,
        "fields": {
            "action_time": "2025-03-15T17:47:41.466Z",
            "user": 18,
            "content_type": 4,
            "object_id": "22",
            "object_repr": "test111",
            "action_flag": 3,
            "change_message": ""
        }
    },
    {
        "model": "admin.logentry",
        "pk": 302,
        "fields": {
            "action_time": "2025-03-15T19:27:03.317Z",
            "user": 18,
            "content_type": 19,
            "object_id": "8",
            "object_repr": "uwhrfweuf",
            "action_flag": 3,
            "change_message": ""
        }
    },
    {
        "model": "admin.logentry",
        "pk": 303,
        "fields": {
            "action_time": "2025-03-15T19:27:03.317Z",
            "user": 18,
            "content_type": 19,
            "object_id": "7",
            "object_repr": "etewty",
            "action_flag": 3,
            "change_message": ""
        }
    },
    {
        "model": "admin.logentry",
        "pk": 304,
        "fields": {
            "action_time": "2025-03-15T19:27:03.317Z",
            "user": 18,
            "content_type": 19,
            "object_id": "6",
            "object_repr": "uiehewu iwrhwquifh",
            "action_flag": 3,
            "change_message": ""
        }
    },
    {
        "model": "admin.logentry",
        "pk": 305,
        "fields": {
            "action_time": "2025-03-15T19:27:03.317Z",
            "user": 18,
            "content_type": 19,
            "object_id": "5",
            "object_repr": "test",
            "action_flag": 3,
            "change_message": ""
        }
    },
    {
        "model": "admin.logentry",
        "pk": 306,
        "fields": {
            "action_time": "2025-03-15T19:27:03.317Z",
            "user": 18,
            "content_type": 19,
            "object_id": "4",
            "object_repr": "test",
            "action_flag": 3,
            "change_message": ""
        }
    },
    {
        "model": "admin.logentry",
        "pk": 307,
        "fields": {
            "action_time": "2025-03-15T19:27:03.317Z",
            "user": 18,
            "content_type": 19,
            "object_id": "3",
            "object_repr": "Test",
            "action_flag": 3,
            "change_message": ""
        }
    },
    {
        "model": "admin.logentry",
        "pk": 308,
        "fields": {
            "action_time": "2025-03-15T19:27:03.317Z",
            "user": 18,
            "content_type": 19,
            "object_id": "2",
            "object_repr": "Test",
            "action_flag": 3,
            "change_message": ""
        }
    },
    {
        "model": "admin.logentry",
        "pk": 309,
        "fields": {
            "action_time": "2025-03-15T19:27:03.317Z",
            "user": 18,
            "content_type": 19,
            "object_id": "1",
            "object_repr": "Test",
            "action_flag": 3,
            "change_message": ""
        }
    },
    {
        "model": "admin.logentry",
        "pk": 310,
        "fields": {
            "action_time": "2025-03-15T19:27:12.813Z",
            "user": 18,
            "content_type": 20,
            "object_id": "4",
            "object_repr": "test@yahoo.com",
            "action_flag": 3,
            "change_message": ""
        }
    },
    {
        "model": "admin.logentry",
        "pk": 311,
        "fields": {
            "action_time": "2025-03-15T19:27:12.813Z",
            "user": 18,
            "content_type": 20,
            "object_id": "3",
            "object_repr": "test1@test.com",
            "action_flag": 3,
            "change_message": ""
        }
    },
    {
        "model": "admin.logentry",
        "pk": 312,
        "fields": {
            "action_time": "2025-03-15T19:27:12.813Z",
            "user": 18,
            "content_type": 20,
            "object_id": "2",
            "object_repr": "test@test.com",
            "action_flag": 3,
            "change_message": ""
        }
    },
    {
        "model": "admin.logentry",
        "pk": 313,
        "fields": {
            "action_time": "2025-03-15T19:27:12.813Z",
            "user": 18,
            "content_type": 20,
            "object_id": "1",
            "object_repr": "xa7jd7ax@students.codeinstitute.net",
            "action_flag": 3,
            "change_message": ""
        }
    },
    {
        "model": "admin.logentry",
        "pk": 314,
        "fields": {
            "action_time": "2025-03-23T15:00:46.043Z",
            "user": 18,
            "content_type": 11,
            "object_id": "22",
            "object_repr": "bodorih822@excederm.com",
            "action_flag": 3,
            "change_message": ""
        }
    },
    {
        "model": "admin.logentry",
        "pk": 315,
        "fields": {
            "action_time": "2025-03-23T15:23:02.622Z",
            "user": 18,
            "content_type": 11,
            "object_id": "24",
            "object_repr": "tesugucu@asciibinder.net",
            "action_flag": 3,
            "change_message": ""
        }
    },
    {
        "model": "admin.logentry",
        "pk": 316,
        "fields": {
            "action_time": "2025-03-23T15:23:02.622Z",
            "user": 18,
            "content_type": 11,
            "object_id": "23",
            "object_repr": "avapurf979@tormails.com",
            "action_flag": 3,
            "change_message": ""
        }
    },
    {
        "model": "admin.logentry",
        "pk": 317,
        "fields": {
            "action_time": "2025-03-23T15:24:22.083Z",
            "user": 18,
            "content_type": 4,
            "object_id": "23",
            "object_repr": "Test",
            "action_flag": 3,
            "change_message": ""
        }
    },
    {
        "model": "admin.logentry",
        "pk": 318,
        "fields": {
            "action_time": "2025-03-23T15:24:22.084Z",
            "user": 18,
            "content_type": 4,
            "object_id": "24",
            "object_repr": "sam333",
            "action_flag": 3,
            "change_message": ""
        }
    },
    {
        "model": "admin.logentry",
        "pk": 319,
        "fields": {
            "action_time": "2025-03-23T15:24:22.084Z",
            "user": 18,
            "content_type": 4,
            "object_id": "25",
            "object_repr": "sam333456",
            "action_flag": 3,
            "change_message": ""
        }
    },
    {
        "model": "admin.logentry",
        "pk": 320,
        "fields": {
            "action_time": "2025-03-23T15:47:06.787Z",
            "user": 18,
            "content_type": 4,
            "object_id": "26",
            "object_repr": "werrtqetqe",
            "action_flag": 3,
            "change_message": ""
        }
    },
    {
        "model": "admin.logentry",
        "pk": 321,
        "fields": {
            "action_time": "2025-03-23T15:56:08.177Z",
            "user": 18,
            "content_type": 4,
            "object_id": "27",
            "object_repr": "werrtqetqe",
            "action_flag": 3,
            "change_message": ""
        }
    },
    {
        "model": "admin.logentry",
        "pk": 322,
        "fields": {
            "action_time": "2025-03-23T17:44:49.168Z",
            "user": 18,
            "content_type": 4,
            "object_id": "30",
            "object_repr": "eetwte",
            "action_flag": 3,
            "change_message": ""
        }
    },
    {
        "model": "admin.logentry",
        "pk": 323,
        "fields": {
            "action_time": "2025-03-23T17:44:49.168Z",
            "user": 18,
            "content_type": 4,
            "object_id": "28",
            "object_repr": "werrtqetqe",
            "action_flag": 3,
            "change_message": ""
        }
    },
    {
        "model": "admin.logentry",
        "pk": 324,
        "fields": {
            "action_time": "2025-03-23T17:44:49.168Z",
            "user": 18,
            "content_type": 4,
            "object_id": "29",
            "object_repr": "wrwr",
            "action_flag": 3,
            "change_message": ""
        }
    },
    {
        "model": "admin.logentry",
        "pk": 325,
        "fields": {
            "action_time": "2025-03-23T18:14:14.083Z",
            "user": 18,
            "content_type": 4,
            "object_id": "31",
            "object_repr": "wetetew",
            "action_flag": 3,
            "change_message": ""
        }
    },
    {
        "model": "sessions.session",
        "pk": "327i866391s9760p6t1rqjcw0y55w5nb",
        "fields": {
            "session_data": "e30:1tRBRd:NCp-JcAzunsAwQjIgxpURjawTES6bkCv0x50QJ_Fz8c",
            "expire_date": "2025-01-10T14:36:05.872Z"
        }
    },
    {
        "model": "sessions.session",
        "pk": "3vgcm69hy20hiv3qvi3w8kbhymmtnudb",
        "fields": {
            "session_data": "e30:1tRBRg:gq9RSTGXlh2yLyvh8OU08_RyXoCRXZqNGvQgNGKpWmo",
            "expire_date": "2025-01-10T14:36:08.227Z"
        }
    },
    {
        "model": "sessions.session",
        "pk": "cactqaz0lne03nimlx89hptc34wn0i84",
        "fields": {
            "session_data": "eyJiYWciOnsiMTc0IjoxfX0:1tY6Wh:ZckfOU-bJiHIJwXhEXmRQyZvrQDV1-X_qF3lH7guW7c",
            "expire_date": "2025-01-29T16:45:55.222Z"
        }
    },
    {
        "model": "sessions.session",
        "pk": "eaxf6utbyklb3q02wx4s0lk4e0oxmjuh",
        "fields": {
            "session_data": ".eJwlyk0KgCAQBtC7fOuI_tTwKhExqJALx8iRFtHdC9q9xbtBzuXKslGVPbBERxIzbynInn2BXW78hsVBpVz59GhAAtubUQ3T2GvTzmoeOq0a1BJOphS-TT5FxrM-Ly2gIdk:1tQu11:s6HWaMlC4teURGEQQ2VL2TVR6jX4r1sMBVaz9P_7x_M",
            "expire_date": "2025-01-09T19:59:27.859Z"
        }
    },
    {
        "model": "sessions.session",
        "pk": "gc0a6t8859m80yc9ja5wpordtcjjuyob",
        "fields": {
            "session_data": ".eJxVjM0OgjAQhN9lz6bZAqUsR-8-Q9OfRaqmJRQSjfHdhYQLx_nmm_mCKVxKzMnwe4rzB3q8gLHrMpq18GxigB5kByforH9y2pvwsOmehc9pmaMTuyKOtohbDvy6Hu7pYLRl3NaNpCBRd05jKxnRkqdAlZIbV65Gp-3QcqiUHrYoK60tqsCNp6Ym7gh-fxcwPo8:1tx8fQ:S00isIE6llmFiLSMLQrVboumGFJrVLCmWDDss_XrD9Y",
            "expire_date": "2025-04-08T18:06:24.233Z"
        }
    },
    {
        "model": "sessions.session",
        "pk": "homyof8aen6qmkjev6803cj1z8wr3wcx",
        "fields": {
            "session_data": ".eJwlyk0KgCAQBtC7fOsI7M_0KhExqJALx8iRFtHdC9q9xbtBzuXKslGVPbBERxIzbynInn2BXW78hsVBpVz59GhAAqt0P3aDmifdKqNNZ4YGtYSTKYVvk0-R8azPCy7mIeU:1tQtg3:T5jh7AuhSdDbqpl2jAg_KgkE8s-7jLLsaDdV7gHAmKU",
            "expire_date": "2025-01-09T19:37:47.199Z"
        }
    },
    {
        "model": "sessions.session",
        "pk": "taftpjmqliypyaj60b8ng6799yeyt029",
        "fields": {
            "session_data": ".eJxVjDsOwjAQBe_iGlmON591SnrOYHm9axJAthQnNIi7Q6Q0ad_MvI-q4S1-zqmoMYVXlYvyYVsnv1VZ_MxqVFadNgrxKXkH_Aj5XnQseV1m0ruiD1r1rbC8rod7OphCnf61sQaBSRwkG2MHSD0LNY4gIlhLiMmRMQ4GNCgDN7100HBqDdvUAqrvD2lRPec:1tUtlO:2xOqCBXaBn2ayLSa97llcRmkY_7bvjT0swpANLC0OFM",
            "expire_date": "2025-01-20T20:31:50.070Z"
        }
    },
    {
        "model": "sessions.session",
        "pk": "u72id7acixak0bhs2hno2cnz3g9e06m2",
        "fields": {
            "session_data": "e30:1tQu2J:45Sb5IQF8O8pBD8ZBWyBW0iM7-Nme4lyMM9U-kXvyiQ",
            "expire_date": "2025-01-09T20:00:47.026Z"
        }
    },
    {
        "model": "sessions.session",
        "pk": "y3cb4i3dzkzdplcg3v1sqokvl9oibv6z",
        "fields": {
            "session_data": ".eJxVjMsOgyAUBf-FtTGAysNl9_0GcoFLpVpIVNw0_fdqY5q4nTlz3gScyyWtZsM5hoje4AviRPpUpqn627LgTHoykooYKOvwAyb6nTF1hRbciOkw_gnpkWuX0zpHWx-T-rRLfc8ep9u5vRwMsAx7LYNSneaupY0WwlIvlOeNZUpLoUHIVgJnXDtmaYsdlS5QHpi0smuE2-P9dIENTUwhk36dC36-pzxOwQ:1tbkQC:zR_A9p8mTobCG63bf6afs9QCeQ_R4HZFqqFpxcZQzhM",
            "expire_date": "2025-02-08T17:58:16.971Z"
        }
    },
    {
        "model": "sessions.session",
        "pk": "z1qq0j4pt6ka4opewyet6m5ggoz1jydz",
        "fields": {
            "session_data": ".eJxVjEsOwyAMRO_idYQwEAxZdt8zRIDJp60SKZ9VlLuXSFm0qxnPG88Bbdi3od3XvLQjQwMI1W8WQ3rn6QL8ClM_izRP2zJGcVXETVfxnDl_Hnf3b2AI61C-VW2sJUdExkhtI3lk5EzWKy19pyJxlww7jCFLa2oZCtTJZ1SZtZNlNIYemgOQLDQoq2I8NLqowxJctyt6nl80yT_X:1tPOTC:ZOhF_IWvlpdPsFIAyOK8OVCu_YjW7s4dKHQnqfBGo0A",
            "expire_date": "2025-01-05T16:06:18.445Z"
        }
    },
    {
        "model": "sites.site",
        "pk": 1,
        "fields": {
            "domain": "Emarket.example.com",
            "name": "Emarket.com"
        }
    },
    {
        "model": "account.emailaddress",
        "pk": 18,
        "fields": {
            "user": 19,
            "email": "xa7jd7ax@students.codeinstitute.net",
            "verified": true,
            "primary": true
        }
    },
    {
        "model": "products.category",
        "pk": 9,
        "fields": {
            "name": "lego",
            "friendly_name": "Lego"
        }
    },
    {
        "model": "products.category",
        "pk": 11,
        "fields": {
            "name": "building_toys",
            "friendly_name": "Building toys"
        }
    },
    {
        "model": "products.category",
        "pk": 12,
        "fields": {
            "name": "sport_toys",
            "friendly_name": "Sport toys"
        }
    },
    {
        "model": "products.category",
        "pk": 13,
        "fields": {
            "name": "all_toys",
            "friendly_name": "All toys"
        }
    },
    {
        "model": "products.product",
        "pk": 174,
        "fields": {
            "category": 13,
            "name": "Lego Pirate's Cove Mansion",
            "description": "Build a swashbuckling mansion filled with treasure-hunting adventures and secret hideouts.",
            "price": "29.99",
            "age": "13 years",
            "image": "Lego01_ottHoWy.png"
        }
    },
    {
        "model": "products.product",
        "pk": 175,
        "fields": {
            "category": 9,
            "name": "Lego Space Colony Mansion",
            "description": "Take building to new frontiers with a futuristic mansion designed for interstellar living.",
            "price": "12.99",
            "age": "13  years",
            "image": "Lego01_QE8jcxm.png"
        }
    },
    {
        "model": "products.product",
        "pk": 176,
        "fields": {
            "category": 13,
            "name": "Lego Desert Oasis Mansion",
            "description": "Craft a stunning mansion in a serene desert setting, complete with vibrant details and oasis charm.",
            "price": "25.23",
            "age": "4 - 7 years",
            "image": "Lego02_wjMP6Mr.png"
        }
    },
    {
        "model": "products.product",
        "pk": 177,
        "fields": {
            "category": 9,
            "name": "Lego Victorian Manor",
            "description": "Construct a timeless and elegant Victorian mansion with intricate architectural details.",
            "price": "19.24",
            "age": "4 - 7 years",
            "image": "Lego03_AjQcUTH.png"
        }
    },
    {
        "model": "products.product",
        "pk": 178,
        "fields": {
            "category": 13,
            "name": "Lego Jungle Hideaway",
            "description": "Escape to a tropical paradise with this mansion nestled in lush greenery and exotic surroundings.",
            "price": "13.49",
            "age": "13 years",
            "image": "Lego04_8dSMqty.png"
        }
    },
    {
        "model": "products.product",
        "pk": 179,
        "fields": {
            "category": 12,
            "name": "Lego Mountain Chalet",
            "description": "Assemble a majestic mountainside mansion with rustic features and breathtaking views.",
            "price": "25.49",
            "age": "7 - 9 years",
            "image": "lego_sepa.webp"
        }
    },
    {
        "model": "products.product",
        "pk": 180,
        "fields": {
            "category": 12,
            "name": "Lego Hollywood Mansion",
            "description": "Build a glamorous mansion fit for a star, featuring luxurious rooms and dazzling decor.",
            "price": "14.13",
            "age": "7 - 9 years",
            "image": "Lego05_M2gM3eA.png"
        }
    },
    {
        "model": "products.product",
        "pk": 182,
        "fields": {
            "category": 12,
            "name": "Lego Oceanfront Villa",
            "description": "Bring beachside dreams to life with this stunning oceanfront mansion design.",
            "price": "14.13",
            "age": "13 years",
            "image": "Lego06_cPqC57J.png"
        }
    },
    {
        "model": "products.product",
        "pk": 183,
        "fields": {
            "category": 13,
            "name": "Lego Treehouse Mansion",
            "description": "Merge adventure and luxury with this unique treehouse-inspired mansion.",
            "price": "17.32",
            "age": "13 years",
            "image": "Lego07_AbIsnEc.png"
        }
    },
    {
        "model": "products.product",
        "pk": 184,
        "fields": {
            "category": 11,
            "name": "Lego Futuristic Mansion",
            "description": "Build tomorrow's home today with this cutting-edge futuristic mansion.",
            "price": "12.39",
            "age": "4 - 7 years",
            "image": "Lego13_8lBiyzq.png"
        }
    },
    {
        "model": "products.product",
        "pk": 185,
        "fields": {
            "category": 11,
            "name": "Lego Fairytale Mansion:",
            "description": "Step into a storybook with this enchanting mansion set, perfect for imaginative tales.",
            "price": "7.99",
            "age": "8 -12 years",
            "image": "Lego16_bncQoXO.png"
        }
    },
    {
        "model": "products.product",
        "pk": 186,
        "fields": {
            "category": 11,
            "name": "Lego Cozy Cottage Mansion",
            "description": "Combine rustic charm and grandeur with this cottage-inspired mansion set.",
            "price": "8.99",
            "age": "8 -12 years",
            "image": "Lego15_eGlI7Ib.png"
        }
    },
    {
        "model": "products.product",
        "pk": 187,
        "fields": {
            "category": 11,
            "name": "Lego Urban Retreat",
            "description": "Design your city getaway with this chic mansion featuring intricate details and modular customization.",
            "price": "8.25",
            "age": "4 - 7 years",
            "image": "Lego14_jLDSCyi.png"
        }
    },
    {
        "model": "products.product",
        "pk": 188,
        "fields": {
            "category": 11,
            "name": "Lego Modern Villa",
            "description": "Explore contemporary style with this sleek and stylish villa packed with creative building options.",
            "price": "7.00",
            "age": "8-12 years",
            "image": "Lego13_q7aaopH.png"
        }
    },
    {
        "model": "products.product",
        "pk": 189,
        "fields": {
            "category": 9,
            "name": "Lego Castle Estate",
            "description": "Assemble a majestic estate with classic design, offering hours of fun for builders of all ages.",
            "price": "12.99",
            "age": "13years",
            "image": "Lego10_In7iW3v.png"
        }
    },
    {
        "model": "products.product",
        "pk": 190,
        "fields": {
            "category": 9,
            "name": "Legos",
            "description": "The LEGO Mansion is a captivating building set designed to inspire creativity and imagination. Featuring intricate architectural details, customizable rooms, and vibrant elements, it allows builders of all ages to create their dream mansion. Perfect for family fun or solo projects, it offers endless opportunities for storytelling and display. Build your world, brick by brick!",
            "price": "13.40",
            "age": "13 years",
            "image": "Lego11_UJhRXQF.png"
        }
    },
    {
        "model": "products.product",
        "pk": 191,
        "fields": {
            "category": 9,
            "name": "Lego Dream House",
            "description": "Build your perfect home with endless possibilities, featuring customizable rooms and vibrant details.",
            "price": "12.66",
            "age": "4 -7 years",
            "image": "Lego09_EIpy1vH.png"
        }
    },
    {
        "model": "products.product",
        "pk": 192,
        "fields": {
            "category": 9,
            "name": "Lego Grand Mansion",
            "description": "Create a luxurious mansion with elegant architecture and charming features for imaginative play or display.\r\n\r\n\r\n8 -12 years",
            "price": "9.69",
            "age": "8 -12 years",
            "image": "Lego11_L8DvMeQ.png"
        }
    },
    {
        "model": "checkout.order",
        "pk": 1,
        "fields": {
            "order_number": "ABE8BCBB80014A73ACB358580C13E67F",
            "user_profile": null,
            "full_name": "testtest",
            "email": "test@test.com",
            "phone_number": "123432423423423",
            "country": "GB",
            "postcode": "12345",
            "town_or_city": "dasfsdfsdf",
            "street_address1": "fafdasdada",
            "street_address2": "qeqweqweqeqweqeqw",
            "county": "dasdadad",
            "date": "2024-12-27T15:39:31.592Z",
            "delivery_cost": "1.30",
            "order_total": "12.99",
            "grand_total": "14.29",
            "original_bag": "{\"175\": 1}",
            "stripe_pid": "pi_3Qafcy2LQTwH38nb1ULqcmtB"
        }
    },
    {
        "model": "checkout.order",
        "pk": 2,
        "fields": {
            "order_number": "45E42B914F714F01824AEE520C5C9F44",
            "user_profile": null,
            "full_name": "iwehfiuwe",
            "email": "ijwirjw@yahoo.com",
            "phone_number": "pwirf0owirf",
            "country": "BS",
            "postcode": "qwqwq",
            "town_or_city": "wqwwq",
            "street_address1": "oiwurio0wwj",
            "street_address2": "opwiro0wkj",
            "county": "wqwqqww",
            "date": "2024-12-29T00:42:47.118Z",
            "delivery_cost": "0.00",
            "order_total": "136.69",
            "grand_total": "136.69",
            "original_bag": "{\"186\": 2, \"180\": 2, \"178\": 1, \"177\": 4}",
            "stripe_pid": "pi_3QbAQ12LQTwH38nb0RvmPEO4"
        }
    },
    {
        "model": "checkout.order",
        "pk": 3,
        "fields": {
            "order_number": "57CC4AA9DB66416E85D54B37D7C53945",
            "user_profile": null,
            "full_name": "iwehfiuwe",
            "email": "ijwirjw@yahoo.com",
            "phone_number": "pwirf0owirf",
            "country": "BS",
            "postcode": "qwqwq",
            "town_or_city": "wqwwq",
            "street_address1": "oiwurio0wwj",
            "street_address2": "opwiro0wkj",
            "county": "wqwqqww",
            "date": "2024-12-29T00:47:16.817Z",
            "delivery_cost": "2.82",
            "order_total": "28.23",
            "grand_total": "31.05",
            "original_bag": "{\"177\": 1, \"186\": 1}",
            "stripe_pid": "pi_3QbAdv2LQTwH38nb0c61EJTi"
        }
    },
    {
        "model": "checkout.order",
        "pk": 4,
        "fields": {
            "order_number": "20595EA02FE44DB69BE2C1F121DAFB87",
            "user_profile": null,
            "full_name": "gy7yg7fg",
            "email": "daclean2003@yahoo.co.uk",
            "phone_number": "u8ey8ufeh",
            "country": "HU",
            "postcode": "oqwqwiorjwr",
            "town_or_city": "iowryhwuirwghr",
            "street_address1": "0wuiiwurwr",
            "street_address2": "9wwirwj",
            "county": "ioqpjqij",
            "date": "2024-12-29T01:26:37.892Z",
            "delivery_cost": "1.92",
            "order_total": "19.24",
            "grand_total": "21.16",
            "original_bag": "{\"177\": 1}",
            "stripe_pid": "pi_3QbBFw2LQTwH38nb0uWpRZFl"
        }
    },
    {
        "model": "checkout.order",
        "pk": 5,
        "fields": {
            "order_number": "9BEC68980B034D55AA6D40B713071D2C",
            "user_profile": null,
            "full_name": "rtjt",
            "email": "jwatewt{@example.com",
            "phone_number": "tt3rt32",
            "country": "AU",
            "postcode": "eqwner",
            "town_or_city": "qwerqw3r",
            "street_address1": "etrten",
            "street_address2": "erqwern",
            "county": "qwent",
            "date": "2024-12-30T12:02:01.594Z",
            "delivery_cost": "2.52",
            "order_total": "25.23",
            "grand_total": "27.75",
            "original_bag": "{\"176\": 1}",
            "stripe_pid": "pi_3Qbhdl2LQTwH38nb1SittSS0"
        }
    },
    {
        "model": "checkout.order",
        "pk": 6,
        "fields": {
            "order_number": "2E063B659B8E479FBBE6F2A3C9878951",
            "user_profile": null,
            "full_name": "r4",
            "email": "jwatewt{@example.com",
            "phone_number": "tt3rt32",
            "country": "AU",
            "postcode": "eqwner",
            "town_or_city": "qwerqw3r",
            "street_address1": "etrten",
            "street_address2": "erqwern",
            "county": "qwent",
            "date": "2024-12-30T12:03:45.818Z",
            "delivery_cost": "2.52",
            "order_total": "25.23",
            "grand_total": "27.75",
            "original_bag": "{\"176\": 1}",
            "stripe_pid": "pi_3Qbhgo2LQTwH38nb0XRmHUYm"
        }
    },
    {
        "model": "checkout.order",
        "pk": 7,
        "fields": {
            "order_number": "C394D15B2A8148C7ADB2FA0F241BE788",
            "user_profile": null,
            "full_name": "tuert",
            "email": "vekot75507@gholar.com",
            "phone_number": "tt3rt32",
            "country": "AU",
            "postcode": "eqwner",
            "town_or_city": "qwerqw3r",
            "street_address1": "etrten",
            "street_address2": "erqwern",
            "county": "qwent",
            "date": "2024-12-30T12:14:58.915Z",
            "delivery_cost": "0.97",
            "order_total": "9.69",
            "grand_total": "10.66",
            "original_bag": "{\"192\": 1}",
            "stripe_pid": "pi_3Qbhjf2LQTwH38nb1YUWg0rY"
        }
    },
    {
        "model": "checkout.order",
        "pk": 8,
        "fields": {
            "order_number": "C9E5338C5DB74EE0BEB5CD53A624469F",
            "user_profile": null,
            "full_name": "uwehuefgh",
            "email": "iwqui9yhwud@opw.ie",
            "phone_number": "0894899466",
            "country": "EC",
            "postcode": "qwrtewtrt",
            "town_or_city": "w13rt3rf",
            "street_address1": "wrwrrf",
            "street_address2": "rr",
            "county": "wqrwqrf",
            "date": "2025-01-13T00:24:28.726Z",
            "delivery_cost": "0.00",
            "order_total": "53.96",
            "grand_total": "53.96",
            "original_bag": "{\"178\": 4}",
            "stripe_pid": "pi_3QgbQa2LQTwH38nb0hogv7Ov"
        }
    },
    {
        "model": "checkout.order",
        "pk": 9,
        "fields": {
            "order_number": "171E960A91F1484AA3F3911BBA67448D",
            "user_profile": 17,
            "full_name": "test",
            "email": "test@test.com",
            "phone_number": "TEST",
            "country": "BS",
            "postcode": "D24N7CN",
            "town_or_city": "TEST",
            "street_address1": "TEST",
            "street_address2": "TEST",
            "county": "TEST",
            "date": "2025-01-13T21:14:15.471Z",
            "delivery_cost": "2.52",
            "order_total": "25.23",
            "grand_total": "27.75",
            "original_bag": "{\"176\": 1}",
            "stripe_pid": "pi_3Qguwf2LQTwH38nb0wNvUz6F"
        }
    },
    {
        "model": "checkout.order",
        "pk": 10,
        "fields": {
            "order_number": "DFFFCCABADC64A6ABB3BE3D83E4BD885",
            "user_profile": 17,
            "full_name": "test",
            "email": "test@test.com",
            "phone_number": "TEST",
            "country": "BS",
            "postcode": "D24N7CN",
            "town_or_city": "TEST",
            "street_address1": "TEST",
            "street_address2": "TEST",
            "county": "TEST",
            "date": "2025-01-13T21:16:43.031Z",
            "delivery_cost": "2.52",
            "order_total": "25.23",
            "grand_total": "27.75",
            "original_bag": "{\"176\": 1}",
            "stripe_pid": "pi_3QguzI2LQTwH38nb1mrJCKs3"
        }
    },
    {
        "model": "checkout.order",
        "pk": 11,
        "fields": {
            "order_number": "096833D335BB411689FF3A838CE3B5F8",
            "user_profile": 18,
            "full_name": "TEST",
            "email": "xa7jd7ax@students.codeinstitute.net",
            "phone_number": "TEST",
            "country": "BS",
            "postcode": "FYGUYG8UH",
            "town_or_city": "TEST",
            "street_address1": "TEST",
            "street_address2": "TEST",
            "county": "TEST",
            "date": "2025-01-13T22:02:36.102Z",
            "delivery_cost": "3.40",
            "order_total": "33.99",
            "grand_total": "37.39",
            "original_bag": "{\"175\": 1, \"188\": 3}",
            "stripe_pid": "pi_3QgvgP2LQTwH38nb0eGaLwHl"
        }
    },
    {
        "model": "checkout.order",
        "pk": 12,
        "fields": {
            "order_number": "608DD8578BCC44BE898F8BDB13FD71DB",
            "user_profile": 18,
            "full_name": "Test",
            "email": "xa7jd7ax@students.codeinstitute.net",
            "phone_number": "TEST",
            "country": "BS",
            "postcode": "FYGUYG8UHgdgdhdhdhdj",
            "town_or_city": "TEST",
            "street_address1": "TEST",
            "street_address2": "TEST",
            "county": "TEST",
            "date": "2025-01-15T16:48:46.151Z",
            "delivery_cost": "0.00",
            "order_total": "0.00",
            "grand_total": "0.00",
            "original_bag": "{\"181\": 1}",
            "stripe_pid": "pi_3QhZhc2LQTwH38nb03gbWKtv"
        }
    },
    {
        "model": "checkout.order",
        "pk": 13,
        "fields": {
            "order_number": "820D7803D4C1474CA48283C95A909059",
            "user_profile": 18,
            "full_name": "Tes",
            "email": "xa7jd7ax@students.codeinstitute.net",
            "phone_number": "TEST",
            "country": "BS",
            "postcode": "FYGUYG8UHgdgdhdhdhdj",
            "town_or_city": "TEST",
            "street_address1": "TEST",
            "street_address2": "TEST",
            "county": "TEST",
            "date": "2025-01-15T16:49:38.077Z",
            "delivery_cost": "0.00",
            "order_total": "0.00",
            "grand_total": "0.00",
            "original_bag": "{\"181\": 1}",
            "stripe_pid": "pi_3QhZmB2LQTwH38nb0OPXZ089"
        }
    },
    {
        "model": "checkout.order",
        "pk": 14,
        "fields": {
            "order_number": "162B00447AB24F9BB9D1058DEE77F8E9",
            "user_profile": 18,
            "full_name": "Test",
            "email": "xa7jd7ax@students.codeinstitute.net",
            "phone_number": "TEST",
            "country": "BS",
            "postcode": "FYGUYG8UHgdgdhdhdhdj",
            "town_or_city": "TEST",
            "street_address1": "TEST",
            "street_address2": "TEST",
            "county": "TEST",
            "date": "2025-01-15T21:23:29.938Z",
            "delivery_cost": "0.00",
            "order_total": "76.96",
            "grand_total": "76.96",
            "original_bag": "{\"177\": 4}",
            "stripe_pid": "pi_3Qhe2q2LQTwH38nb006nQdwO"
        }
    },
    {
        "model": "checkout.order",
        "pk": 15,
        "fields": {
            "order_number": "4C5F7954B2F94813925C8959CB2493D4",
            "user_profile": 18,
            "full_name": "Test",
            "email": "xa7jd7ax@students.codeinstitute.net",
            "phone_number": "TEST",
            "country": "BS",
            "postcode": "FYGUYG8UHgdgdhdhdhdj",
            "town_or_city": "TEST",
            "street_address1": "TEST",
            "street_address2": "TEST",
            "county": "TEST",
            "date": "2025-01-16T17:23:10.046Z",
            "delivery_cost": "0.00",
            "order_total": "0.00",
            "grand_total": "0.00",
            "original_bag": "{\"181\": 3}",
            "stripe_pid": "pi_3QhwmC2LQTwH38nb0uUaSoEQ"
        }
    },
    {
        "model": "checkout.order",
        "pk": 16,
        "fields": {
            "order_number": "1AF452EF83754F768A7742862DE3E5C5",
            "user_profile": 18,
            "full_name": "Test",
            "email": "xa7jd7ax@students.codeinstitute.net",
            "phone_number": "TEST",
            "country": "BS",
            "postcode": "FYGUYG8UHgdgdhdhdhdj",
            "town_or_city": "TEST",
            "street_address1": "TEST",
            "street_address2": "TEST",
            "county": "TEST",
            "date": "2025-01-16T17:25:46.264Z",
            "delivery_cost": "3.00",
            "order_total": "29.99",
            "grand_total": "32.99",
            "original_bag": "{\"174\": 1}",
            "stripe_pid": "pi_3Qhwoa2LQTwH38nb1BGnHqae"
        }
    },
    {
        "model": "checkout.order",
        "pk": 17,
        "fields": {
            "order_number": "BAB5D927EDF448B99A66B765EA985D6E",
            "user_profile": 18,
            "full_name": "Test",
            "email": "xa7jd7ax@students.codeinstitute.net",
            "phone_number": "TEST",
            "country": "BS",
            "postcode": "FYGUYG8UHgdgdhdhdhdj",
            "town_or_city": "TEST",
            "street_address1": "TEST",
            "street_address2": "TEST",
            "county": "TEST",
            "date": "2025-01-16T17:38:05.704Z",
            "delivery_cost": "2.55",
            "order_total": "25.49",
            "grand_total": "28.04",
            "original_bag": "{\"179\": 1, \"181\": 1}",
            "stripe_pid": "pi_3Qhx0X2LQTwH38nb0t2cI4gD"
        }
    },
    {
        "model": "checkout.order",
        "pk": 18,
        "fields": {
            "order_number": "B7BBBEA35C95457FB2582CF8E6B5CE6A",
            "user_profile": 18,
            "full_name": "TEST",
            "email": "xa7jd7ax@students.codeinstitute.net",
            "phone_number": "TEST",
            "country": "BS",
            "postcode": "FYGUYG8UHgdgdhdhdhdj",
            "town_or_city": "TEST",
            "street_address1": "TEST",
            "street_address2": "TEST",
            "county": "TEST",
            "date": "2025-01-17T17:58:04.631Z",
            "delivery_cost": "2.60",
            "order_total": "25.98",
            "grand_total": "28.58",
            "original_bag": "{\"181\": 1, \"175\": 2}",
            "stripe_pid": "pi_3QiJnN2LQTwH38nb1CaWxI1Q"
        }
    },
    {
        "model": "checkout.order",
        "pk": 19,
        "fields": {
            "order_number": "CDAEB3F1F0F44D419020E43556B1B3CE",
            "user_profile": 18,
            "full_name": "TEST",
            "email": "xa7jd7ax@students.codeinstitute.net",
            "phone_number": "TEST",
            "country": "BS",
            "postcode": "FYGUYG8UHgdgdhdhdhdj",
            "town_or_city": "TEST",
            "street_address1": "TEST",
            "street_address2": "TEST",
            "county": "TEST",
            "date": "2025-01-20T18:52:32.109Z",
            "delivery_cost": "0.70",
            "order_total": "7.00",
            "grand_total": "7.70",
            "original_bag": "{\"188\": 1}",
            "stripe_pid": "pi_3QjQ4x2LQTwH38nb0MdovVmL"
        }
    },
    {
        "model": "checkout.order",
        "pk": 20,
        "fields": {
            "order_number": "CDB11338F43E4435A92F0697298E4CDD",
            "user_profile": 18,
            "full_name": "TEST",
            "email": "xa7jd7ax@students.codeinstitute.net",
            "phone_number": "TEST",
            "country": "IE",
            "postcode": "FYGUYG8UHgdgdhdhdhdj",
            "town_or_city": "TEST",
            "street_address1": "TEST",
            "street_address2": "TEST",
            "county": "TEST",
            "date": "2025-01-20T18:53:56.440Z",
            "delivery_cost": "3.00",
            "order_total": "29.99",
            "grand_total": "32.99",
            "original_bag": "{\"174\": 1}",
            "stripe_pid": "pi_3QjQ6J2LQTwH38nb1xKPzDeD"
        }
    },
    {
        "model": "checkout.order",
        "pk": 21,
        "fields": {
            "order_number": "2768F21FC0BF496CB5A04347B7F249A8",
            "user_profile": 17,
            "full_name": "Test",
            "email": "test@test.com",
            "phone_number": "TEST",
            "country": "IE",
            "postcode": "D24N7CN",
            "town_or_city": "TEST",
            "street_address1": "TEST",
            "street_address2": "TEST",
            "county": "TEST",
            "date": "2025-01-25T17:58:16.868Z",
            "delivery_cost": "1.30",
            "order_total": "12.99",
            "grand_total": "14.29",
            "original_bag": "{\"175\": 1}",
            "stripe_pid": "pi_3QlDc02LQTwH38nb1904D9jK"
        }
    },
    {
        "model": "checkout.order",
        "pk": 22,
        "fields": {
            "order_number": "AF3760D13E4142278697153EBAB44DC9",
            "user_profile": null,
            "full_name": "test",
            "email": "test@test.com",
            "phone_number": "test",
            "country": "TW",
            "postcode": "test",
            "town_or_city": "test",
            "street_address1": "test",
            "street_address2": "test",
            "county": "test",
            "date": "2025-03-15T17:00:51.812Z",
            "delivery_cost": "2.52",
            "order_total": "25.23",
            "grand_total": "27.75",
            "original_bag": "{\"176\": 1}",
            "stripe_pid": "pi_3R2y3s2LQTwH38nb1AZcIHgv"
        }
    },
    {
        "model": "checkout.orderlineitem",
        "pk": 1,
        "fields": {
            "order": 1,
            "product": 175,
            "product_size": null,
            "quantity": 1,
            "lineitem_total": "12.99"
        }
    },
    {
        "model": "checkout.orderlineitem",
        "pk": 2,
        "fields": {
            "order": 2,
            "product": 186,
            "product_size": null,
            "quantity": 2,
            "lineitem_total": "17.98"
        }
    },
    {
        "model": "checkout.orderlineitem",
        "pk": 3,
        "fields": {
            "order": 2,
            "product": 180,
            "product_size": null,
            "quantity": 2,
            "lineitem_total": "28.26"
        }
    },
    {
        "model": "checkout.orderlineitem",
        "pk": 4,
        "fields": {
            "order": 2,
            "product": 178,
            "product_size": null,
            "quantity": 1,
            "lineitem_total": "13.49"
        }
    },
    {
        "model": "checkout.orderlineitem",
        "pk": 5,
        "fields": {
            "order": 2,
            "product": 177,
            "product_size": null,
            "quantity": 4,
            "lineitem_total": "76.96"
        }
    },
    {
        "model": "checkout.orderlineitem",
        "pk": 6,
        "fields": {
            "order": 3,
            "product": 177,
            "product_size": null,
            "quantity": 1,
            "lineitem_total": "19.24"
        }
    },
    {
        "model": "checkout.orderlineitem",
        "pk": 7,
        "fields": {
            "order": 3,
            "product": 186,
            "product_size": null,
            "quantity": 1,
            "lineitem_total": "8.99"
        }
    },
    {
        "model": "checkout.orderlineitem",
        "pk": 8,
        "fields": {
            "order": 4,
            "product": 177,
            "product_size": null,
            "quantity": 1,
            "lineitem_total": "19.24"
        }
    },
    {
        "model": "checkout.orderlineitem",
        "pk": 9,
        "fields": {
            "order": 5,
            "product": 176,
            "product_size": null,
            "quantity": 1,
            "lineitem_total": "25.23"
        }
    },
    {
        "model": "checkout.orderlineitem",
        "pk": 10,
        "fields": {
            "order": 6,
            "product": 176,
            "product_size": null,
            "quantity": 1,
            "lineitem_total": "25.23"
        }
    },
    {
        "model": "checkout.orderlineitem",
        "pk": 11,
        "fields": {
            "order": 7,
            "product": 192,
            "product_size": null,
            "quantity": 1,
            "lineitem_total": "9.69"
        }
    },
    {
        "model": "checkout.orderlineitem",
        "pk": 12,
        "fields": {
            "order": 8,
            "product": 178,
            "product_size": null,
            "quantity": 4,
            "lineitem_total": "53.96"
        }
    },
    {
        "model": "checkout.orderlineitem",
        "pk": 13,
        "fields": {
            "order": 9,
            "product": 176,
            "product_size": null,
            "quantity": 1,
            "lineitem_total": "25.23"
        }
    },
    {
        "model": "checkout.orderlineitem",
        "pk": 14,
        "fields": {
            "order": 10,
            "product": 176,
            "product_size": null,
            "quantity": 1,
            "lineitem_total": "25.23"
        }
    },
    {
        "model": "checkout.orderlineitem",
        "pk": 15,
        "fields": {
            "order": 11,
            "product": 175,
            "product_size": null,
            "quantity": 1,
            "lineitem_total": "12.99"
        }
    },
    {
        "model": "checkout.orderlineitem",
        "pk": 16,
        "fields": {
            "order": 11,
            "product": 188,
            "product_size": null,
            "quantity": 3,
            "lineitem_total": "21.00"
        }
    },
    {
        "model": "checkout.orderlineitem",
        "pk": 19,
        "fields": {
            "order": 14,
            "product": 177,
            "product_size": null,
            "quantity": 4,
            "lineitem_total": "76.96"
        }
    },
    {
        "model": "checkout.orderlineitem",
        "pk": 21,
        "fields": {
            "order": 16,
            "product": 174,
            "product_size": null,
            "quantity": 1,
            "lineitem_total": "29.99"
        }
    },
    {
        "model": "checkout.orderlineitem",
        "pk": 22,
        "fields": {
            "order": 17,
            "product": 179,
            "product_size": null,
            "quantity": 1,
            "lineitem_total": "25.49"
        }
    },
    {
        "model": "checkout.orderlineitem",
        "pk": 25,
        "fields": {
            "order": 18,
            "product": 175,
            "product_size": null,
            "quantity": 2,
            "lineitem_total": "25.98"
        }
    },
    {
        "model": "checkout.orderlineitem",
        "pk": 26,
        "fields": {
            "order": 19,
            "product": 188,
            "product_size": null,
            "quantity": 1,
            "lineitem_total": "7.00"
        }
    },
    {
        "model": "checkout.orderlineitem",
        "pk": 27,
        "fields": {
            "order": 20,
            "product": 174,
            "product_size": null,
            "quantity": 1,
            "lineitem_total": "29.99"
        }
    },
    {
        "model": "checkout.orderlineitem",
        "pk": 28,
        "fields": {
            "order": 21,
            "product": 175,
            "product_size": null,
            "quantity": 1,
            "lineitem_total": "12.99"
        }
    },
    {
        "model": "checkout.orderlineitem",
        "pk": 29,
        "fields": {
            "order": 22,
            "product": 176,
            "product_size": null,
            "quantity": 1,
            "lineitem_total": "25.23"
        }
    },
    {
        "model": "profiles.userprofile",
        "pk": 17,
        "fields": {
            "user": 18,
            "default_phone_number": "TEST",
            "default_street_address1": "TEST",
            "default_street_address2": "TEST",
            "default_town_or_city": "TEST",
            "default_county": "TEST",
            "default_postcode": "D24N7CN",
            "default_country": "IE"
        }
    },
    {
        "model": "profiles.userprofile",
        "pk": 18,
        "fields": {
            "user": 19,
            "default_phone_number": "TEST",
            "default_street_address1": "TEST",
            "default_street_address2": "TEST",
            "default_town_or_city": "TEST",
            "default_county": "TEST",
            "default_postcode": "FYGUYG8UHgdgdhdhdhdj",
            "default_country": "IE"
        }
    }
]